Blythe Sykes,(945) 870-5689
Heidi Watts,(254) 288-2240
Rhona Alvarado,(737) 238-8295
Nissim Larson,(195) 977-9479
Drake Hooper,(218) 156-3390
Kelly Hensley,(416) 585-5527
Mallory Schmidt,(326) 427-5418
Astra Burke,(377) 194-7668
Zahir Tillman,(993) 526-5846
Judith Crane,(892) 815-2287
Noelle Calderon,(659) 302-7303
Rowan Williamson,(575) 402-4108
Darius Craig,(466) 680-2377
Gannon Mays,(746) 543-2747
Neil Conrad,(467) 310-8546
Brody Morton,(311) 939-6815
Fulton Bernard,(334) 512-9794
Shannon Hunt,(470) 318-2738
Melanie Edwards,(912) 246-2551
Alma Day,(626) 733-3384
Maggie Lindsey,(723) 937-6276
Hamish Mccullough,(804) 425-5384
Raven Franco,(878) 107-7052
Harlan Wiggins,(579) 874-3282
Vladimir Mcintosh,(476) 351-7239
Macey Cochran,(518) 892-2228
Karleigh Reese,(536) 342-3531
Kessie Serrano,(324) 506-2145
Kasper Warner,(617) 441-6025
Gillian Gates,(459) 703-1282
Camden Williamson,(228) 336-2384
Akeem Mathews,(399) 128-8586
Tashya Santiago,(284) 571-5144
Blythe Daniel,(160) 206-0436
Charity O'Neill,(105) 771-2099
Dane Raymond,(658) 752-0112
Marny Goodman,(775) 451-5662
Hayden Daniels,(272) 186-3512
Nora Vega,(494) 592-8340
Lavinia Klein,(979) 649-9236
Riley Lane,(244) 628-2518
Rina Ayala,(752) 473-4235
Kasper Daniel,(709) 965-2548
Ciara Huff,(110) 845-7772
Karly Abbott,(817) 290-8182
Allistair Branch,(838) 685-2878
Honorato Daniel,(918) 525-7877
Lars Powers,(678) 593-3854
Stewart Buck,(115) 155-6685
Leroy Chase,(133) 579-6557
Alexander Haley,(648) 757-0339
Channing Workman,(227) 737-6272
Rigel Caldwell,(514) 751-0312
Minerva Lloyd,(184) 701-1867
Evangeline Knight,(379) 744-4580
Mari English,(741) 564-3222
Gwendolyn Hooper,(611) 770-2570
Quentin Barnett,(575) 330-4375
Raven Callahan,(397) 463-1635
Cathleen Stark,(296) 331-5240
Guinevere Carlson,(532) 653-3253
Ainsley Burns,(331) 361-8840
Yen Peters,(462) 654-6224
Lisandra Townsend,(509) 335-9829
Zoe Morris,(146) 523-0311
Jordan Cervantes,(779) 557-0470
Lane Cameron,(833) 934-6121
Silas Holden,(942) 578-0112
Knox Phelps,(859) 385-6517
Pearl Gates,(633) 965-5176
Jacqueline Cook,(448) 252-7044
Blake Moss,(652) 219-0141
Brittany Wilkins,(815) 893-1746
Cedric Coleman,(795) 486-7647
Christian Valenzuela,(487) 599-8921
Troy Huffman,(817) 547-0922
Harlan Bender,(447) 109-1375
Zephania Caldwell,(735) 284-3476
Cheyenne Aguirre,(206) 207-6613
Clark Burke,(666) 814-4623
Palmer Watts,(987) 474-2729
Barry Bean,(592) 362-2926
Levi Downs,(236) 874-4684
Vernon Carroll,(533) 939-4523
Melvin Ford,(665) 682-2178
Indigo Ortega,(527) 874-1967
Xaviera Battle,(426) 765-4034
Richard Diaz,(814) 227-7507
Beatrice Mendez,(884) 755-6980
Florence Howard,(720) 387-1634
Stella Richard,(144) 957-5131
Indigo Bennett,(528) 581-6165
Keane Callahan,(571) 836-1287
Kato Vinson,(963) 606-4742
Macaulay Decker,(813) 714-6314
Carson Alston,(446) 436-1660
Xenos Wiley,(168) 740-2500
Holly Ortega,(723) 812-1062
Ursula Ross,(152) 488-3970
Brent Bowman,(171) 722-8153
Brian Wilkerson,(337) 471-3692
Gary Malone,(326) 593-6886
Ray Juarez,(531) 465-9573
Larissa Byrd,(376) 714-9410
Kadeem Armstrong,(156) 556-7321
Kylee Conner,(777) 456-9241
Destiny Reyes,(538) 191-1267
Gregory Graves,(285) 532-5767
Boris Everett,(417) 253-8839
Gary Burke,(487) 854-1431
Gillian Green,(228) 749-6477
Melvin Harmon,(672) 702-3382
Skyler Morrow,(435) 374-2697
Fitzgerald Barton,(580) 308-1036
Bianca Davidson,(448) 196-8712
Mufutau Lowe,(260) 621-3381
Wynne Goodwin,(210) 820-5628
Carla Hale,(674) 132-5610
Conan Case,(219) 578-3384
Quinlan Horton,(972) 571-1030
Leo Delaney,(388) 770-3485
Cadman Graham,(136) 584-4248
Belle Andrews,(507) 717-5447
Nissim Pope,(558) 251-8594
Phelan Mendoza,(248) 555-8913
Whoopi Fulton,(306) 701-6340
Regina Hensley,(472) 732-3246
Lisandra Hogan,(653) 857-5723
Macy Becker,(216) 339-2271
Wynne Cooley,(857) 444-8666
Reece Strong,(675) 821-1888
Hop Leon,(741) 115-3807
Grant Avery,(820) 831-7614
Hiroko Compton,(832) 749-2818
Germaine Jennings,(655) 549-3126
Gemma Perry,(518) 327-4453
Ria Rodgers,(841) 632-1414
Brett Rodriguez,(488) 757-6657
Iliana Contreras,(274) 125-1384
Deborah Carroll,(117) 915-1955
Velma Acosta,(274) 223-2843
Bruno Hyde,(351) 647-6457
Mona Haney,(368) 281-5412
Holmes Mcdaniel,(371) 581-5153
Adrian Wilson,(403) 167-8452
Jamal George,(286) 631-1561
Edward Fleming,(896) 821-6161
Jamalia Gonzales,(138) 932-5209
Dorothy Morrow,(636) 228-3773
Prescott Mcdowell,(677) 246-6881
Whoopi Dale,(249) 824-6333
Ross Clay,(675) 261-2113
Deacon Norton,(712) 553-8065
Quinn Lester,(379) 915-1289
Bryar Oneil,(524) 857-1826
Caryn Heath,(570) 561-1747
Hamilton Pickett,(476) 828-2661
Hoyt Chang,(214) 367-3394
Leigh Ward,(616) 878-1456
Marshall Delaney,(826) 288-3298
Beck Buckley,(734) 620-9571
Dora Mosley,(870) 351-4816
Emerson Davidson,(931) 743-9508
Evan Herman,(545) 832-7181
Rhoda Tate,(640) 522-3081
India Case,(211) 777-2880
Dane Mcfarland,(713) 503-6364
Rebecca Byers,(742) 562-3702
Maryam Holmes,(455) 391-2347
Rhona Harmon,(168) 446-6874
Alana Snyder,(721) 216-9189
Uriah Dominguez,(982) 655-3535
Montana Griffin,(867) 426-4183
Holly Briggs,(405) 341-6815
Lucas Knight,(334) 888-7210
Rosalyn Dawson,(617) 775-6136
Quail Mccullough,(485) 663-1311
Justine Morrison,(278) 128-2157
Logan Lowe,(339) 326-5214
August Phillips,(227) 729-6553
Evangeline Malone,(691) 477-3179
Gary Ellis,(747) 909-2918
Alvin Vinson,(763) 365-5517
Garrison Shepherd,(571) 253-6284
Tatiana Reed,(458) 272-0548
Malik Blackburn,(240) 267-5573
Tatum Crane,(668) 278-9026
Porter Goodman,(527) 363-6462
Hasad Dawson,(935) 655-2772
Zeus Stein,(455) 387-7254
Sylvia Koch,(998) 273-8252
Talon Avery,(177) 534-2488
Paloma Mcintyre,(715) 197-7433
Mikayla Aguirre,(282) 631-1456
Harriet Quinn,(177) 482-2140
Shelby Calhoun,(255) 315-5543
Tucker Hensley,(478) 447-9153
Norman Keith,(334) 764-1678
Mallory Bender,(756) 248-3985
David Hardy,(959) 611-1426
Brooke Weaver,(776) 239-3753
Maggy Castro,(476) 417-8826
Colt Owen,(401) 259-8485
Delilah Witt,(512) 891-7427
Hanae Soto,(786) 301-7261
Alea Lawson,(888) 863-2264
Cassady Clarke,(880) 896-9223
Donna Rivers,(917) 470-8225
Octavia Grant,(750) 286-5607
Chancellor Hardy,(625) 824-9536
Lilah Velasquez,(606) 413-1081
Harrison Bridges,(630) 289-3173
Sawyer Barrett,(423) 226-9827
Howard Buck,(412) 234-2991
Malik Bradshaw,(867) 368-1638
Lilah Simpson,(794) 874-7273
Rana Baird,(454) 772-1244
Axel Chapman,(938) 538-4288
Clayton Quinn,(287) 720-4974
Inga Hall,(421) 416-0361
Orli Rodgers,(212) 535-9338
Alana Bernard,(742) 487-8038
Sonia Harrell,(267) 842-7810
Rana Benson,(542) 688-3657
Dustin Brown,(527) 188-5920
Buckminster Gibson,(139) 860-2674
Ezra Small,(292) 861-7589
Kirk Lee,(205) 538-7619
Ora Booker,(286) 547-5982
Shad Kennedy,(471) 394-2844
Honorato Simpson,(122) 742-3526
Chester Klein,(443) 817-8765
Denton Crane,(872) 841-3943
Melyssa Gutierrez,(614) 716-8524
John Logan,(760) 849-4541
Michael Pena,(915) 937-2289
Benedict Ross,(881) 688-5899
Oliver Wood,(731) 163-7650
Tanner Wilcox,(279) 252-6638
Farrah Vargas,(949) 433-2559
Lee French,(616) 967-1329
Noelani Weiss,(363) 452-3358
Drew Moreno,(362) 273-5927
Skyler Ray,(463) 513-5851
Ezekiel Powell,(735) 386-8442
Orson Meyers,(783) 483-8246
Debra Fowler,(973) 828-0284
Quin Herman,(849) 367-8228
Cecilia Rocha,(899) 678-3934
Igor Boyer,(516) 618-0349
Cynthia Daniel,(874) 684-1499
Raven Schultz,(410) 661-4864
Anastasia Stephens,(963) 540-0104
Maya Donaldson,(728) 292-8235
Robert Decker,(770) 916-6357
Uriah Caldwell,(643) 859-8876
Cassady Snider,(621) 244-4869
Medge Wagner,(588) 289-2133
Thaddeus Hodge,(675) 830-2421
Justin Whitfield,(329) 447-3722
Keiko Hartman,(155) 188-5419
Keefe Butler,(852) 388-0821
Meghan Hogan,(710) 850-8779
Darryl Wong,(782) 404-1138
Leo Dudley,(280) 375-2617
Nigel Williamson,(216) 456-2947
Gage Sanford,(746) 322-9213
Maxine Larsen,(375) 811-2535
Kiona Olsen,(804) 165-7828
Chava Mosley,(278) 115-4147
Lysandra Green,(297) 531-0334
Stacy Mullins,(165) 382-7253
Elton Gilliam,(218) 522-7113
Latifah George,(335) 319-9225
Yen Powell,(742) 368-3785
Amaya Morse,(577) 584-8591
Stella Wagner,(252) 475-1371
Unity Justice,(652) 156-6812
Tarik Goodwin,(756) 667-5675
Karen Nielsen,(644) 801-2272
Iola Benjamin,(757) 754-1348
Kane Gray,(658) 829-2594
Nola Dejesus,(889) 781-8556
Adam Mercado,(445) 570-8862
Blythe Guerrero,(813) 272-2022
Rahim Walton,(546) 789-5171
Neil Campos,(877) 724-2226
Evangeline Dale,(316) 988-1691
Kelsie Higgins,(658) 528-0327
Knox Shepard,(414) 501-4885
Cameran Hicks,(636) 277-0862
Zephania Houston,(417) 737-1077
Louis Green,(774) 830-1066
Donovan Tucker,(564) 764-3672
Demetrius Scott,(286) 282-4240
Adam Santiago,(669) 762-5958
Moana Mckee,(488) 942-5517
Frances Gibbs,(530) 523-8796
Emmanuel Ruiz,(208) 270-2185
Allistair Burton,(215) 385-9652
Berk Pickett,(781) 278-6013
Abraham Wilkinson,(293) 715-9645
Jared Calhoun,(997) 790-9750
Adam Beach,(262) 482-0401
Hector Miranda,(941) 846-2108
Iola Pierce,(940) 582-6532
Austin Hoover,(655) 543-5174
Tyler Brock,(245) 836-5776
Neve Sutton,(459) 418-9815
Imelda Campbell,(457) 914-8706
Carolyn Kline,(282) 295-5628
Vincent Acevedo,(956) 365-0673
Alden Fitzgerald,(778) 545-7149
Melanie Peterson,(805) 814-7958
August Whitaker,(234) 520-5571
Melanie Mckee,(243) 174-6835
Lawrence Porter,(112) 145-0923
Roth Heath,(788) 237-4632
Keefe Love,(772) 488-7165
Clare Reese,(562) 231-3205
Kellie Vaughn,(845) 823-1897
Kevyn Townsend,(473) 215-4952
Reece Lowe,(650) 321-9477
Hayden Mayo,(869) 849-6671
Suki Best,(943) 187-1354
Griffith Wall,(822) 940-7128
Channing Burris,(128) 568-4121
Imani Woodard,(887) 771-1221
Alexa Bowen,(527) 425-3342
Zeus Cook,(338) 567-8879
Bernard Logan,(219) 130-0010
Arden Page,(485) 852-3632
Kitra Wong,(731) 135-1422
Nasim Galloway,(490) 261-5402
Kaseem Park,(403) 740-8808
Gil Fields,(944) 488-5016
Georgia Mcguire,(378) 295-5688
Carissa Sanders,(727) 291-6627
Cameron Baldwin,(588) 942-1328
Sean Richards,(540) 181-5020
Lois Mcdaniel,(699) 579-2570
Quon Reese,(151) 614-2473
Cullen Terrell,(367) 361-8942
Quamar Newman,(668) 562-2782
Veda Stone,(801) 672-0514
Drake Knox,(813) 262-6295
Hu Santana,(372) 682-4426
Fredericka Melton,(614) 458-4911
Amaya Mcmillan,(633) 462-6736
Brendan Mccarthy,(193) 882-6509
Roth Witt,(426) 454-7090
Quinlan Knapp,(245) 228-4514
Illiana Clay,(248) 849-7375
Tamekah Cruz,(446) 262-1673
Ivana Hewitt,(723) 832-3878
Burton Mccoy,(371) 372-0625
Mechelle Allen,(802) 270-8993
Dana Watson,(916) 679-7193
Caryn Nieves,(390) 535-2655
Jaden Pratt,(392) 827-2517
Avye Meadows,(856) 377-3382
Giacomo Glass,(978) 769-8847
Sybil Rhodes,(820) 655-6013
Brendan Mcguire,(232) 894-2983
Farrah Frank,(845) 415-3439
Tiger Vaughn,(345) 431-7282
Wayne Mccarty,(952) 532-0632
Sage Curtis,(641) 607-7236
Rafael Vega,(683) 463-4510
Kitra Moody,(972) 664-4680
Raja Huff,(643) 353-6333
Carl Ryan,(533) 203-0625
Chelsea Ryan,(408) 428-3316
Nigel Hobbs,(406) 870-8472
Jada Mosley,(949) 842-4441
Nathaniel Valencia,(802) 593-4675
Tucker Hopper,(286) 349-8811
Seth O'Neill,(122) 957-8922
Aretha Gillespie,(236) 604-5780
Teagan Paul,(777) 886-4485
Tucker Rollins,(130) 444-7745
Clarke Estes,(591) 755-1362
Wilma Lowe,(896) 918-8894
Caleb Schneider,(242) 623-8282
Garth Burgess,(368) 602-7316
Brent Morris,(831) 484-9311
Kaseem Maxwell,(629) 408-2567
Allistair Cardenas,(358) 437-4810
Sawyer Miller,(866) 184-4556
Ria Nash,(536) 954-6740
Mariam Hunt,(451) 447-5348
Jada Marsh,(473) 126-8736
Odysseus Castillo,(498) 695-7467
Charles Pena,(846) 998-6522
Abel Cortez,(676) 261-7401
Macey Stout,(685) 946-5524
Uriah Donaldson,(836) 112-4466
Orson Guerrero,(981) 414-3812
Garth Nielsen,(119) 341-2166
Lewis Oliver,(669) 827-2314
Brenda Slater,(288) 273-1805
Veda Golden,(729) 458-1836
Ora Conrad,(465) 349-8363
Gray Reeves,(546) 712-1246
Noelani Hampton,(663) 904-8515
Teegan Ashley,(411) 425-0135
Ariel Farmer,(733) 282-9748
Alexa Johnson,(311) 581-1335
Berk Mcdaniel,(533) 431-3620
Juliet Hahn,(460) 419-4164
Bell Morrow,(970) 251-5785
Veronica Russo,(972) 660-4714
Carolyn Burns,(286) 538-5631
Asher Sampson,(823) 525-5358
Dacey Talley,(556) 997-4142
Jessica Burgess,(771) 642-9266
Melinda Lowe,(798) 880-2769
Jermaine House,(248) 596-6431
Doris Beach,(946) 572-1908
Claudia Watts,(749) 176-2509
Gil Chandler,(768) 916-7051
Macaulay Matthews,(847) 730-4173
Francis Mcmillan,(465) 551-8286
Daphne Patton,(662) 477-3691
Desiree Turner,(315) 442-4497
Stella Morrison,(761) 629-9662
Xavier Kline,(457) 855-0107
Jescie Shannon,(878) 175-5763
Stephanie Whitley,(613) 264-2487
Doris Padilla,(466) 854-5855
Aquila Estrada,(465) 748-7486
Camden Long,(759) 117-7270
Jenette Roach,(266) 602-1861
Kalia Hopper,(543) 712-2762
Dominic Hawkins,(718) 524-5538
Timon Rowland,(465) 377-6228
Thane Gilmore,(212) 516-1337
Nicole Brewer,(514) 529-1758
Penelope Meyer,(960) 422-7398
Victor Simmons,(651) 222-2661
Tallulah Herman,(789) 292-5529
Vivien Small,(347) 890-4070
Quentin Bush,(145) 673-8598
Carolyn Townsend,(672) 586-8839
Tatyana Charles,(391) 484-2998
Quail Ferrell,(608) 119-0321
Patrick Mccarthy,(448) 577-0221
Damon Brewer,(891) 881-6374
Drew Lindsey,(227) 385-2404
Lev Daniels,(455) 831-3634
Dahlia Jenkins,(978) 721-2334
Kane Grimes,(288) 648-3081
Deirdre Moore,(218) 552-1331
Acton Walsh,(863) 494-5324
Kathleen Mullins,(706) 646-8616
Armand Cantrell,(231) 295-4122
Hu Clemons,(354) 638-1954
Driscoll Mack,(432) 266-5843
Lynn Clay,(594) 717-0304
Norman Morton,(252) 251-5834
Reagan Valenzuela,(125) 235-2182
Chancellor Foreman,(287) 695-2994
Jelani Holder,(269) 438-4175
Ezra Trevino,(285) 647-2157
Felicia Mullins,(406) 124-2716
Sydney Rowe,(277) 203-1472
Chiquita George,(899) 452-4182
Kenyon Hester,(841) 752-3371
Meghan Leon,(416) 955-5863
Rhona Neal,(599) 365-1757
Vaughan Gordon,(614) 754-6609
Fiona Manning,(170) 613-8332
Lara Hammond,(525) 264-6387
Nasim Norris,(952) 686-6863
Wynter Stafford,(129) 116-4383
Holly Garrett,(622) 275-1313
Drake Malone,(582) 287-1127
Cara Welch,(801) 783-8015
Serena Moore,(644) 478-7801
Lael Gardner,(734) 932-2187
Gail Gallagher,(809) 247-6466
Rebekah Frost,(378) 618-0422
Maite Santana,(534) 914-8858
Stephanie Kidd,(522) 265-6845
Justin Foster,(111) 532-6441
Uma Gilliam,(733) 571-1626
Isaac Richardson,(793) 862-1471
Philip Brady,(588) 880-5656
Ima Wallace,(471) 957-6822
Destiny Schwartz,(376) 773-7606
Dale Kirby,(561) 656-0521
Acton Raymond,(723) 746-0415
Joel Mcdonald,(926) 956-8585
Amal Park,(823) 416-9853
Bertha Horton,(331) 328-4375
Tana Hatfield,(112) 368-3728
Georgia Joseph,(234) 914-8314
Linus Spencer,(318) 483-9857
Jillian Humphrey,(538) 831-4316
Wynter Hammond,(681) 806-5078
Winter Coffey,(618) 701-8043
Lisandra Best,(457) 751-2706
Alana Cote,(251) 874-2719
Karyn Rogers,(599) 657-7299
Yuli Hancock,(334) 614-3632
Sarah Parks,(396) 337-8517
Leslie Marshall,(771) 635-4444
Forrest Joyce,(437) 701-6236
Lani Haley,(113) 539-0897
Ayanna Singleton,(867) 769-7608
Karyn Cervantes,(721) 249-9672
Naida Mejia,(169) 487-7671
Lucas Hart,(536) 983-2451
Harriet Boyer,(836) 298-3525
Perry Bright,(437) 563-2569
Xaviera Harrison,(676) 872-8194
Sebastian Nixon,(463) 491-1277
Upton Hanson,(510) 268-4604
Mari Baird,(359) 718-4732
Cain Kent,(696) 559-3876
Phoebe Finley,(625) 384-2948
Mufutau Mendez,(963) 463-4343
Victor Kennedy,(434) 261-8456
Amethyst Bryan,(783) 409-6655
Cathleen Jarvis,(747) 968-2813
Abraham Boyle,(507) 774-0687
Sonya Richardson,(435) 365-8553
Benjamin Johns,(256) 455-5628
Gillian Swanson,(367) 462-1706
Quemby Mullins,(919) 739-8522
Calvin Acosta,(281) 527-6179
Meghan Castaneda,(336) 662-0196
Scott Albert,(697) 465-8849
Wynter Martinez,(752) 177-1248
Cailin Trujillo,(304) 445-7618
Ali Reed,(384) 928-7371
Ryan Stewart,(593) 315-0776
Robert Parker,(394) 404-2967
Keely Valentine,(918) 448-4589
Leo Manning,(236) 813-8771
Nora Steele,(658) 120-3888
Cara Joyner,(856) 366-8760
Chaney Cooley,(947) 341-5555
Scarlett Mcclure,(667) 268-3521
Bevis Fuentes,(279) 243-4821
Raphael Hancock,(156) 226-5526
Yen Spence,(795) 413-9609
Jasper Atkinson,(152) 806-7062
Caesar Wise,(881) 246-2842
Kylee Gentry,(715) 271-0151
Deacon Witt,(266) 321-6124
Ezekiel Jensen,(347) 584-2880
Hoyt Caldwell,(222) 511-6060
Victor Stout,(202) 252-3247
Stuart Luna,(374) 712-0306
Raya Walton,(236) 377-1687
Cameron Levy,(520) 686-8457
Geoffrey Roth,(482) 866-6474
Veda Watkins,(517) 745-4728
Phillip Calhoun,(137) 559-6033
Kibo Shannon,(318) 577-1286
Cade Bernard,(225) 848-5359
Adria Smith,(218) 888-0278
Erin Ochoa,(456) 443-4589
Zephr Vinson,(774) 837-3170
Doris Ellis,(865) 667-7655
Eugenia Howell,(477) 152-7004
Chandler Hogan,(968) 616-4888
Lewis Morales,(537) 235-1722
Barrett Huffman,(117) 280-9853
Urielle Washington,(897) 325-8608
Deborah Chapman,(247) 252-6883
Randall Moreno,(298) 573-5672
Martha Alvarado,(316) 734-6226
Tobias Mitchell,(617) 701-6416
Ryder Schmidt,(875) 364-2133
Quinlan Martinez,(314) 267-2626
Reese Strickland,(892) 252-0218
Abel Sanders,(673) 151-7221
Zahir Hood,(684) 718-7987
Heidi Snider,(758) 961-4299
Alexandra Hyde,(732) 802-3347
Kirby Mccormick,(208) 345-8581
Ignacia Mayer,(829) 518-6244
Isabelle Finch,(311) 530-6573
Tad Schwartz,(777) 473-8828
Honorato Hernandez,(680) 633-8824
India Gordon,(605) 387-3752
Gail Stafford,(688) 848-5567
Jacob Guy,(314) 231-8796
Ramona Reid,(833) 646-4986
Price Mckenzie,(597) 630-1864
Hall Barton,(536) 481-5714
Branden Lara,(835) 381-8301
Jacob Beasley,(167) 217-1101
Germaine Bryan,(484) 712-1814
Byron Mcdowell,(589) 552-4638
Dominic Conway,(685) 209-6051
Iliana Colon,(371) 758-4331
Ursa Mayer,(442) 193-8551
Louis Mcguire,(483) 542-9855
Curran Austin,(860) 645-1072
Adena Rosario,(482) 445-9574
Armand Nixon,(547) 194-6368
Florence Russell,(321) 845-2713
Rhona Wells,(240) 584-6754
Yasir Holden,(425) 503-6762
Judah Hodges,(614) 204-7753
Cheryl Combs,(172) 641-6432
Mira Booker,(740) 424-2577
Judah Barrera,(295) 364-3859
Oscar Maynard,(894) 441-1585
Angelica Gentry,(316) 242-7857
Shaine Potts,(623) 516-4635
Lyle Alston,(616) 358-2597
Adria Goodman,(221) 896-2552
Lisandra Mccarty,(594) 158-1686
Jacob Mcfadden,(313) 457-7709
Jeremy Payne,(842) 234-2865
Nolan Velasquez,(615) 943-3288
Larissa Gordon,(731) 377-2516
Germane Noel,(863) 470-4542
Alden Pace,(299) 235-1719
Hamilton Dean,(520) 456-7857
Dawn Beard,(797) 443-3518
Alexa Joyce,(575) 692-3883
Pascale Landry,(819) 668-4277
Slade Moreno,(774) 744-8465
Ryan Lynn,(126) 103-7624
Quyn Thomas,(685) 341-2671
Selma Holden,(672) 517-2235
Destiny Carrillo,(483) 430-5215
Nolan Ingram,(426) 877-8886
Merrill Parks,(861) 749-3624
Kenneth Copeland,(422) 778-5642
Plato Bender,(486) 215-1164
Jesse Mcmahon,(924) 487-4602
Otto Gibson,(598) 318-7413
Ella Reed,(623) 723-7762
Beck Strickland,(536) 303-4677
Odysseus Chen,(724) 561-8986
Owen Osborne,(381) 855-6748
Tatum Decker,(737) 341-8210
Guinevere Adkins,(467) 832-4718
Clinton Hull,(523) 224-3585
Macaulay Sears,(554) 523-2528
Aaron Hunt,(166) 852-9047
Nash Guerrero,(784) 549-4524
Owen Solomon,(437) 675-1172
Denton Mccarthy,(589) 806-2262
Lana Franco,(331) 703-1777
Zahir Craft,(462) 273-6222
Ryder Stevens,(671) 554-8481
Lester Kidd,(328) 536-1424
Jaden Mckay,(216) 221-9056
Chava Harrison,(296) 482-1047
Flynn Thornton,(677) 976-4286
Sade Albert,(491) 794-2258
Hunter Rasmussen,(926) 285-8628
Ignacia Byers,(418) 241-9141
Inga Leblanc,(107) 813-1524
Rinah Dunn,(149) 362-2350
Charde Vang,(296) 546-4715
Mechelle Burt,(667) 862-1752
Macon Joyner,(472) 762-6976
Lucius Bates,(206) 131-8222
Alea Waller,(816) 644-6392
Quail Salazar,(755) 363-2632
Lani Elliott,(472) 521-5544
Hashim Marks,(824) 862-4962
Stacey Tanner,(363) 258-6584
Vaughan Holt,(267) 708-6352
Hedwig Nixon,(571) 672-4276
Austin Potts,(535) 992-8419
Aurelia Pennington,(663) 591-6776
Zane Ayers,(784) 731-6084
Dean Diaz,(267) 888-3466
Declan Gibson,(751) 185-0147
Amery Pierce,(674) 366-8484
Grady Bright,(128) 297-6081
Sydnee Giles,(441) 754-5051
Dana Noble,(128) 825-6133
Jasper Jordan,(249) 422-4171
September Kline,(783) 502-3729
Mona Joyner,(642) 525-4635
Evan Fisher,(172) 418-3588
Keefe Newton,(863) 153-6581
Nero Dale,(582) 667-7682
Nelle Blanchard,(656) 920-1518
Patrick Woodard,(333) 683-2972
Kermit Nguyen,(261) 784-3370
Astra Summers,(264) 257-0090
Barrett Powell,(664) 844-4706
Gretchen Ochoa,(727) 784-5212
Clarke Flores,(330) 594-5064
Aline Edwards,(469) 750-8279
Kellie Daniel,(977) 652-4987
Armand O'connor,(122) 524-5094
Lee Stanley,(321) 427-8648
Regina Schultz,(470) 261-4225
Magee Booker,(519) 284-0518
Odette Cash,(193) 832-3588
Odysseus Hutchinson,(665) 792-8278
Richard Chandler,(224) 163-7624
Violet Colon,(641) 121-0111
Zane Harris,(747) 888-8218
Richard Huber,(454) 111-3679
Chastity Burton,(523) 462-3654
Darrel Huber,(427) 853-6526
Ginger Parker,(625) 817-2717
Zeus Mckinney,(857) 295-2183
Audrey Mueller,(525) 325-5143
Timon Cox,(743) 259-6612
Sybill Hull,(541) 556-7376
Alexander Joyce,(167) 274-3164
Marah Weeks,(482) 582-6164
Stephen Morse,(796) 924-2948
Colorado Nunez,(518) 851-2853
Miriam Diaz,(366) 851-3224
Sopoline Robinson,(339) 257-7514
Nerea Goodman,(767) 336-0561
Yasir Knapp,(655) 956-9648
Michael Buck,(294) 738-6595
Katelyn Clayton,(278) 511-3575
Malachi Lowery,(668) 287-7443
Ingrid Wilcox,(518) 255-6311
Scarlett White,(327) 414-8138
Cheryl Pittman,(441) 956-1297
Justine Stevenson,(913) 257-1452
Brendan Levine,(413) 331-4661
Inga Cantrell,(873) 353-0947
Ocean Acevedo,(501) 638-1630
Ashely Cameron,(222) 375-2422
Vincent Hart,(472) 527-5225
Kevin William,(456) 624-0536
Camden Collier,(392) 755-5848
Hope Rowland,(463) 223-2441
Burton Barlow,(617) 635-8884
Urielle Graham,(664) 316-0381
Damon Gamble,(505) 564-4534
Victor Black,(825) 611-9512
Quon Mcdowell,(782) 158-8035
Blake Cline,(964) 422-9074
Byron Long,(829) 408-2837
Zeus Sosa,(581) 485-6132
Hedwig Perez,(681) 837-8748
Kathleen Key,(314) 855-7095
Catherine Heath,(284) 722-3032
Elmo Preston,(688) 623-8086
Vera Gregory,(808) 769-0410
Felicia Mcdaniel,(211) 833-1725
Todd Ortiz,(360) 725-8323
Olivia Gordon,(746) 960-7574
Rebekah Fleming,(179) 685-5476
Jessamine Williamson,(536) 618-0565
Sharon Caldwell,(594) 120-2934
Kieran Guzman,(818) 667-8861
Alan Gould,(852) 425-8713
Freya Mcgowan,(517) 652-2166
Vance Martin,(392) 333-6661
Walker Davenport,(582) 475-4843
Derek Kelley,(512) 397-6589
Rae Porter,(611) 244-3684
Jason Glenn,(678) 672-7823
Jacqueline Gonzales,(737) 651-6035
Eugenia Marshall,(704) 426-4585
Leslie Hawkins,(353) 431-7797
Harriet Leon,(651) 690-2327
Alika Trujillo,(705) 387-4746
Alana Webb,(954) 797-8056
Patricia Cameron,(390) 672-0314
Dana Kelly,(232) 880-8430
Hunter Mack,(503) 387-3683
Lucius Poole,(848) 983-9111
Roary Mccarthy,(142) 946-4317
Omar Edwards,(707) 633-7281
Hanna Stephenson,(884) 465-8472
Kibo Dawson,(596) 549-2261
Cullen Davis,(821) 127-8317
Sydnee Dodson,(347) 599-2323
Aurora Mathis,(952) 661-6030
Orli Bates,(627) 582-2386
Tatyana Morrow,(326) 827-5612
Kelly Wolf,(100) 509-4346
Amelia Strickland,(553) 320-8483
Beatrice Tate,(843) 840-8297
Harding Carroll,(516) 374-2105
Sierra Wallace,(795) 798-0279
Philip Perry,(678) 575-1147
Maile Long,(573) 853-1985
Jillian Maxwell,(446) 282-2191
Lester Kane,(454) 357-1671
Neville Rivera,(274) 413-2448
Yoshio Floyd,(811) 482-4474
Macon Burks,(342) 101-8368
Odessa Sears,(613) 946-3827
Whitney Gonzalez,(226) 495-8383
Malachi Hammond,(812) 172-2221
Petra Walton,(272) 383-5011
Jael Snow,(797) 460-8414
Sheila Leach,(955) 862-3314
Jenna Glenn,(532) 231-7329
Burke Wiley,(533) 587-7182
Willow Mack,(929) 925-5550
Duncan Matthews,(888) 160-8623
Eagan Leblanc,(123) 433-2847
Honorato Goodwin,(629) 226-6530
Nash Holder,(835) 522-7498
Rowan Dorsey,(265) 550-1381
Noelani Berry,(820) 427-7355
Gage Oneil,(832) 583-6368
Ivory Benjamin,(565) 742-5375
Lillith Cleveland,(925) 679-0773
Miranda Wade,(831) 944-2276
Susan Schroeder,(111) 454-6212
Steel Barnett,(311) 271-2647
Thomas Parrish,(233) 614-4384
Marshall Velez,(228) 847-3134
Yoshio Barrett,(891) 605-1110
Quinlan Henson,(855) 470-9214
Erasmus Burgess,(725) 811-4956
Claire Vega,(950) 966-7341
Iola Cline,(827) 171-5652
Nell Livingston,(439) 627-2250
Zeus Hendrix,(321) 781-7381
Helen Terry,(284) 425-5493
Scott Small,(427) 351-7601
Jordan Travis,(475) 745-9762
Naomi Kirkland,(629) 321-6340
Kato Hull,(636) 207-2786
Liberty Bullock,(931) 779-5443
Reuben Rollins,(691) 858-7421
Herman Fernandez,(775) 703-7675
Jelani Bauer,(417) 266-8070
Damian Pitts,(381) 472-0576
Macy Langley,(471) 541-5168
Barclay Diaz,(498) 165-6464
Mollie Preston,(131) 570-7843
Neil O'donnell,(845) 303-7297
Ryder Jacobson,(219) 502-2298
Brandon Phillips,(507) 880-6906
Shad Blackburn,(952) 566-6641
Vance Humphrey,(760) 242-6272
Slade Roman,(729) 981-0237
Christian Marsh,(681) 811-5847
Nissim Moran,(283) 460-6694
Ainsley Malone,(396) 740-3242
Ivory Christensen,(887) 133-4555
Reed Sweeney,(571) 629-2138
Lillian Mcguire,(515) 474-2264
Bruno Branch,(811) 747-7829
Dean Horton,(722) 393-7713
Bertha Crosby,(235) 938-3892
Iris Potter,(773) 857-4954
Hector Saunders,(613) 643-3687
Rahim Fulton,(321) 311-1159
Leah Roach,(183) 727-7403
Paul Nelson,(891) 935-7686
Knox Moody,(733) 372-6865
Sawyer Moss,(383) 961-1581
Cheyenne Jefferson,(666) 681-3921
Finn Chambers,(796) 106-1798
Jorden Ratliff,(215) 236-4421
Rafael Buck,(664) 222-9276
Aileen Small,(266) 226-0893
Hayfa Lindsey,(469) 267-9456
Hu Le,(667) 145-2548
Abdul Glass,(744) 538-8685
Lucian Wolf,(754) 293-8109
Abbot Farley,(684) 512-5415
Unity Parks,(528) 724-1183
Alana Sosa,(655) 866-7124
Seth Albert,(406) 424-8781
Anne Carpenter,(141) 444-7357
Kelly Fulton,(636) 203-7062
Troy Craig,(761) 624-1277
Violet Tran,(591) 682-1683
Simone York,(623) 331-2649
Hector Pitts,(224) 806-1308
Jeremy Bradshaw,(531) 535-1415
Hilda Marsh,(593) 519-4582
Reece Brady,(596) 528-6766
Nichole Knapp,(687) 685-1962
Hedley Stein,(975) 836-7778
Quinn Foreman,(626) 581-5923
Tanner Campbell,(174) 168-3326
Kerry Roy,(662) 323-7389
Brandon Waller,(336) 336-8076
Adena Olsen,(427) 359-4011
Neve Mccall,(678) 997-3463
Kathleen Bonner,(461) 625-5023
Ima Garrison,(442) 273-2213
Jeanette Wong,(244) 607-3450
Raymond Hayes,(676) 210-2673
Trevor Sexton,(584) 745-7671
Cameron Mooney,(244) 306-6877
Yuli Willis,(613) 516-8866
Lucius Miranda,(712) 356-9373
Magee Gibson,(333) 147-9842
Ella Wells,(114) 807-4128
Leo Hutchinson,(772) 688-3088
Chester Mcleod,(498) 711-4870
Hilary Mcdonald,(785) 243-4644
Rebekah Stanton,(359) 240-5729
Inga Fuller,(657) 735-2872
Wanda Ortiz,(675) 820-3563
Talon Herrera,(218) 310-8020
Brynne Rush,(233) 394-3042
Erich Hensley,(124) 452-0162
Dana Fuentes,(767) 604-8382
Basil Frazier,(511) 365-6710
Lee Sellers,(134) 579-2408
Tyrone Higgins,(262) 224-8762
Joseph Santos,(835) 513-4693
Amy Hoffman,(486) 506-6052
Kirk Kane,(284) 873-1242
Kasper Cooke,(487) 956-1723
Cullen Wagner,(494) 284-1326
Myles Valencia,(651) 814-9273
Kennan Clay,(368) 453-5608
Tashya Nielsen,(729) 682-4782
Zachery Navarro,(615) 746-5832
Kyra Horn,(328) 569-5812
Lynn Sawyer,(913) 325-0753
Connor Howell,(342) 274-4437
Jacqueline Schmidt,(843) 254-5128
Dolan Jones,(237) 870-5663
Lacy Hansen,(688) 448-8512
Lacy Cooley,(645) 752-4886
Maggy Combs,(164) 490-9350
Darrel Talley,(612) 201-3251
Leah Ward,(147) 672-3336
Brianna Dixon,(789) 564-4364
Robin Madden,(554) 888-6731
Grace Parker,(220) 895-8596
Bo Sexton,(616) 694-6417
Rebekah Singleton,(851) 829-5395
Lucius Pacheco,(416) 752-3536
Burke Dawson,(573) 573-3523
Benedict Bell,(808) 954-8876
Tad Martin,(831) 542-5311
Victor Bush,(398) 472-8458
Flavia Joyner,(884) 558-6733
Clio Maynard,(627) 722-0146
Tamara Burnett,(645) 899-4250
Montana Raymond,(564) 433-8757
Malik Conrad,(944) 765-5365
Cedric Olson,(346) 583-1214
Plato Pitts,(552) 222-4082
Dolan Greer,(292) 435-1172
Serena Gay,(641) 162-9848
Lana Parks,(270) 755-6298
Teagan Farley,(471) 431-5214
Lillian Farmer,(717) 277-2197
Fiona O'connor,(149) 684-7440
Carol Baker,(319) 462-6758
Octavius Lowe,(598) 481-8452
Joan Alexander,(782) 841-9040
Ray Mckay,(285) 976-3490
Gregory Santiago,(878) 356-6420
Roanna Stafford,(173) 566-8120
Timon David,(205) 787-0693
Hu Mcgowan,(256) 301-5280
Ezra Dyer,(832) 326-2227
Thane Rios,(131) 470-1183
Rahim Bass,(460) 631-5862
Hannah Walls,(571) 221-4079
Beck Rich,(191) 676-2352
Melanie Tyler,(856) 402-4940
Linda Mayer,(252) 816-6366
Ila Cameron,(517) 851-7817
Thane Reeves,(742) 668-5882
Aretha Dickson,(521) 263-8135
Porter Lowe,(257) 654-3252
Burton Harding,(354) 582-4638
Ingrid Justice,(415) 326-6834
Kennan Crane,(258) 232-8458
Hayley Franks,(669) 740-6584
Dillon Hancock,(271) 943-2273
Colby Solomon,(858) 613-7623
Kyra Sparks,(233) 729-7182
Stephanie Scott,(187) 111-8544
Alfreda Horn,(384) 673-0893
Acton Richards,(405) 810-7120
Christopher Mcdonald,(451) 739-6488
Clio Marquez,(310) 750-8442
Amos Hahn,(764) 328-1063
Tatiana Emerson,(576) 533-2854
Amethyst Dotson,(664) 674-8524
Ria Moses,(485) 787-6397
Cathleen Atkinson,(617) 558-3154
Miranda Brooks,(700) 461-4433
Violet Castaneda,(997) 669-8356
Illiana Vincent,(205) 763-8886
Francis Burt,(833) 101-5701
Lareina Huber,(432) 536-2048
Martena Price,(855) 503-3141
Caesar Kerr,(538) 249-8866
Shana Jimenez,(687) 873-0613
Aquila Warner,(224) 883-4243